<?xml version="1.0" encoding="UTF-8"?>
<!DOCTYPE library PUBLIC "-//Boost//DTD BoostBook XML V1.0//EN"
     "http://www.boost.org/tools/boostbook/dtd/boostbook.dtd">
<library
    id="pqs"
    name="pqs"
    dirname="pqs"
    last-revision="$Date: 2005/12/28 14:17:27 $" 
    xmlns:xi="http://www.w3.org/2001/XInclude">
  <libraryinfo>
    <author>
      <firstname>Andy</firstname>
      <surname>Little</surname>
    </author>

    <copyright>
      <year>2005</year>
      <holder>Andy Little</holder>
    </copyright>

    <legalnotice>
      <para>
        Distributed under the Boost Software License, Version 1.0.
        (See accompanying file LICENSE_1_0.txt or copy at
        <ulink url="http://www.boost.org/LICENSE_1_0.txt">
            http://www.boost.org/LICENSE_1_0.txt
        </ulink>)
    
      </para>
    </legalnotice>

  </libraryinfo>

  <title>pqs 1.1</title>



<section id="pqs._definitions">
<title> definitions</title>
<anchor id="_definitions.formal_rules_for_entities_in_pqs" /><bridgehead renderas="sect3">Formal rules for entities in pqs</bridgehead><itemizedlist>
<listitem>
<link linkend="physical-quantity">physical-quantity</link>
</listitem><listitem>
<link linkend="physical-quantity-system">physical-quantity-system</link>
</listitem><listitem>
<link linkend="base-dimension">base-dimension</link>
</listitem><listitem>
<link linkend="dimension">dimension</link>
</listitem><listitem>
<link linkend="abstract-quantity">abstract-quantity</link>
</listitem><listitem>
<link linkend="named-abstract-quantity">named-abstract-quantity</link>
</listitem><listitem>
<link linkend="abstract-quantity-name">abstract-quantity-name</link>
</listitem><listitem>
<link linkend="anonymous-abstract-quantity">anonymous-abstract-quantity</link>
</listitem><listitem>
<link linkend="abstract-quantity-tag">abstract-quantity-tag</link>
</listitem><listitem>
<link linkend="dimensionally-equivalent">dimensionally-equivalent</link>
</listitem>
</itemizedlist><anchor id="physical-quantity" />
<para>
</para>
<anchor id="_definitions.physical_quantity" /><bridgehead renderas="sect3">physical-quantity</bridgehead><para>
A measurable physical phenomenon.</para>
<anchor id="physical-quantity-system" />
<para>
</para>
<anchor id="_definitions.physical_quantity_system" /><bridgehead renderas="sect3">physical-quantity-system</bridgehead><para>
A system for manipulating physical-quantities using particular definitions for the <link linkend="base-dimension">base-dimension</link> and their units. Various physical-quantity-systems are <ulink url="http://physics.nist.gov/cuu/Units/">SI</ulink>  and C.G.S systems.</para>
<anchor id="base-dimension" />
<para>
</para>
<anchor id="_definitions.base_dimension" /><bridgehead renderas="sect3">base-dimension</bridgehead><para>
A dimension which is not a product of other dimensions (e.g length, but not area or force) and which can be combined to make other dimensions. In the <ulink url="http://physics.nist.gov/cuu/Units/">SI</ulink>   system the base-dimensions are called base units. These are:</para>
<itemizedlist>
<listitem>
length 
</listitem><listitem>
mass 
</listitem><listitem>
time 
</listitem><listitem>
temperature 
</listitem><listitem>
current 
</listitem><listitem>
amount of substance 
</listitem><listitem>
luminous intensity
</listitem>
</itemizedlist><para>
In pqs I have found it more convenient  to use the term base-dimensions rather than base-units which are more closely associated with particular <ulink url="http://physics.nist.gov/cuu/Units/">SI</ulink>  units, such as the meter or the second rather than evoking the more abstract concepts of length and time.</para>
<anchor id="dimension" />
<para>
</para>
<anchor id="_definitions.dimension" /><bridgehead renderas="sect3">dimension</bridgehead><para>
The dimension of a <link linkend="physical-quantity">physical-quantity</link> is comprised of the powers of each of its <link linkend="base-dimension">base-dimensions</link>.</para>
<anchor id="abstract-quantity" />
<para>
</para>
<anchor id="_definitions.abstract_quantity" /><bridgehead renderas="sect3">abstract-quantity</bridgehead><para>
An abstract-quantity is described by its <link linkend="dimension">dimension</link>.
An abstract-quantity does not have a numeric value or units.
An abstract-quantity conforms to the rules of dimensional-analysis.
An abstract-quantity may be a named-abstract-quantity or an anonymous-abstract-quantity.</para>
<anchor id="named-abstract-quantity" />
<para>
</para>
<anchor id="_definitions.named_abstract_quantity" /><bridgehead renderas="sect3">named-abstract-quantity</bridgehead><para>
An abstract-quantity with an <link linkend="abstract-quantity-name">abstract-quantity-name</link>. Some <link linkend="dimensionally-equivalent">dimensionally-equivalent</link> <link linkend="abstract-quantity">abstract-quantities</link> are different. (For example torque and energy are <link linkend="dimensionally-equivalent">dimensionally-equivalent</link> but are used in different contexts. pqs uses an <link linkend="abstract-quantity-tag">abstract-quantity-tag</link> to distinguish between dimensionally-equivalent named-abstract-quantities.. pqs also uses the term anonymous-abstract-quantity, which is identified by a unique abstract-quantity-tag ( normally == 0) An <link linkend="anonymous-abstract-quantity">anonymous-abstract-quantity</link> can essentially be converted to and from any <link linkend="dimensionally-equivalent">dimensionally-equivalent</link>  named-abstract-quantity.</para>
<anchor id="abstract-quantity-name" />
<para>
</para>
<anchor id="_definitions.abstract_quantity_name" /><bridgehead renderas="sect3">abstract-quantity-name</bridgehead><para>
A name useful to identify a particular <link linkend="named-abstract-quantity">named-abstract-quantity</link>.</para>
<anchor id="anonymous-abstract-quantity" />
<para>
</para>
<anchor id="_definitions.anonymous_abstract_quantity" /><bridgehead renderas="sect3">anonymous-abstract-quantity</bridgehead><para>
An <link linkend="abstract-quantity">abstract-quantity</link>  without an <link linkend="abstract-quantity-name">abstract-quantity-name</link>. anonymous-abstract-quantities usually arise as the result of calculations. In some cases a calculation has no criteria to select a particular <link linkend="named-abstract-quantity">named-abstract-quantity</link> from a set of <link linkend="dimensionally-equivalent">dimensionally-equivalent</link> named-abstract-quantities, so in these cases the abstract- part of a temporary resulting from a calculation is an anonymous-abstract-quantity</para>
<anchor id="abstract-quantity-tag" />
<para>
</para>
<anchor id="_definitions.abstract_quantity_tag" /><bridgehead renderas="sect3">abstract-quantity-tag</bridgehead><para>
A tag used to distinguish between different <link linkend="named-abstract-quantity">named-abstract-quanties</link> as well as distinguishing named-abstract-quanties from <link linkend="anonymous-abstract-quantity">anonymous-abstract-quantities</link>.</para>
<anchor id="dimensionally-equivalent" />
<para>
</para>
<anchor id="_definitions.dimensionally_equivalent" /><bridgehead renderas="sect3">dimensionally-equivalent</bridgehead><para>
Two <link linkend="abstract-quantity">abstract-quantities</link> are equivalent if their <link linkend="dimension">dimensions</link> are the same.</para>
</section>
</library>

