<?xml version="1.0" encoding="UTF-8"?>
<!DOCTYPE library PUBLIC "-//Boost//DTD BoostBook XML V1.0//EN"
     "http://www.boost.org/tools/boostbook/dtd/boostbook.dtd">
<library
    id="pqs"
    name="pqs"
    dirname="pqs"
    last-revision="$Date: 2005/12/28 11:54:24 $" 
    xmlns:xi="http://www.w3.org/2001/XInclude">
  <libraryinfo>
    <author>
      <firstname>Andy</firstname>
      <surname>Little</surname>
    </author>

    <copyright>
      <year>2005</year>
      <holder>Andy Little</holder>
    </copyright>

    <legalnotice>
      <para>
        Distributed under the Boost Software License, Version 1.0.
        (See accompanying file LICENSE_1_0.txt or copy at
        <ulink url="http://www.boost.org/LICENSE_1_0.txt">
            http://www.boost.org/LICENSE_1_0.txt
        </ulink>)
    
      </para>
    </legalnotice>

  </libraryinfo>

  <title>pqs 1.1</title>



<section id="pqs._pqs_index">
<title> pqs index</title>
<para>
Hello here is pqs</para>
<itemizedlist>
<listitem>
One
</listitem><listitem>
two
</listitem><listitem>
three
</listitem>
</itemizedlist><anchor id="_pqs_index.code" /><bridgehead renderas="sect3">Code</bridgehead><para>
Preformatted code starts with a space or a tab. The code will be
syntax highlighted according to the current :</para>
<para>
</para>
<programlisting>
<literal>
<phrase role="preprocessor">#include</phrase><phrase role="special"> &lt;</phrase><phrase role="identifier">iostream</phrase><phrase role="special">&gt;</phrase><phrase role="keyword">

int</phrase><phrase role="identifier"> main</phrase><phrase role="special">()</phrase><phrase role="special">
{</phrase><phrase role="comment">
    // Sample code
</phrase><phrase role="identifier">    std</phrase><phrase role="special">::</phrase><phrase role="identifier">cout</phrase><phrase role="special"> &lt;&lt;</phrase><phrase role="string"> &quot;Hello, World\n&quot;</phrase><phrase role="special">;</phrase><phrase role="keyword">
    return</phrase><phrase role="number"> 0</phrase><phrase role="special">;</phrase><phrase role="special">
}</phrase>
</literal>
</programlisting>
</section>
</library>

